Value Index,EBIN,UBINS,CBINS,MBINS,LBINS,RBINS,ZBINS,YBINS,XBINS,Mean Value,Stat. Error,Mean_E_Norm,Energy (eV),Energy (MeV)
1.0,1.0,1.0,1.0,1.0,1.0,1.0,1.0,1.0,1.0,3.2583e-06,0.3747,2.6801842559842066e-08,0.0001,1e-10
2.0,2.0,1.0,1.0,1.0,1.0,1.0,1.0,1.0,1.0,0.000127011,0.11298,1.0447561075923338e-06,0.0005,5e-10
3.0,3.0,1.0,1.0,1.0,1.0,1.0,1.0,1.0,1.0,0.000822229,0.11968,6.763420251706836e-06,0.00075,7.5e-10
4.0,4.0,1.0,1.0,1.0,1.0,1.0,1.0,1.0,1.0,0.0102724,0.04761,8.449782018590113e-05,0.001,1e-09
5.0,5.0,1.0,1.0,1.0,1.0,1.0,1.0,1.0,1.0,0.012716,0.05799,0.0001045981738915851,0.0012,1.1999999999999998e-09
6.0,6.0,1.0,1.0,1.0,1.0,1.0,1.0,1.0,1.0,0.0170618,0.04782,0.00014034547997038744,0.0015,1.5e-09
7.0,7.0,1.0,1.0,1.0,1.0,1.0,1.0,1.0,1.0,0.0334946,0.04059,0.0002755169860985441,0.002,2e-09
8.0,8.0,1.0,1.0,1.0,1.0,1.0,1.0,1.0,1.0,0.132625,0.02655,0.0010909352636341203,0.0025,2.5e-09
9.0,9.0,1.0,1.0,1.0,1.0,1.0,1.0,1.0,1.0,0.134195,0.03096,0.0011038496339557458,0.003,3e-09
10.0,10.0,1.0,1.0,1.0,1.0,1.0,1.0,1.0,1.0,0.231809,0.01669,0.0019067944394176195,0.004,4e-09
11.0,11.0,1.0,1.0,1.0,1.0,1.0,1.0,1.0,1.0,0.498231,0.01462,0.004098305503002385,0.005,5e-09
12.0,12.0,1.0,1.0,1.0,1.0,1.0,1.0,1.0,1.0,1.2132,0.00659,0.009979435716048368,0.0075,7.5e-09
13.0,13.0,1.0,1.0,1.0,1.0,1.0,1.0,1.0,1.0,1.20408,0.00888,0.009904417208192812,0.01,1e-08
14.0,14.0,1.0,1.0,1.0,1.0,1.0,1.0,1.0,1.0,6.10226,0.00255,0.050195442954676324,0.0253,2.5299999999999998e-08
15.0,15.0,1.0,1.0,1.0,1.0,1.0,1.0,1.0,1.0,13.8738,0.00329,0.11412190507526528,0.03,3e-08
16.0,16.0,1.0,1.0,1.0,1.0,1.0,1.0,1.0,1.0,21.5584,0.00202,0.17733322365715226,0.04,4e-08
17.0,17.0,1.0,1.0,1.0,1.0,1.0,1.0,1.0,1.0,32.9125,0.00164,0.2707287982232459,0.05,5e-08
18.0,18.0,1.0,1.0,1.0,1.0,1.0,1.0,1.0,1.0,43.3286,0.00165,0.3564086534506869,0.06,6e-08
19.0,19.0,1.0,1.0,1.0,1.0,1.0,1.0,1.0,1.0,54.5698,0.00162,0.4488755449535248,0.07,7e-08
20.0,20.0,1.0,1.0,1.0,1.0,1.0,1.0,1.0,1.0,65.3759,0.00167,0.5377634284774204,0.08,8e-08
21.0,21.0,1.0,1.0,1.0,1.0,1.0,1.0,1.0,1.0,75.8322,0.00161,0.6237739573908037,0.09,9e-08
22.0,22.0,1.0,1.0,1.0,1.0,1.0,1.0,1.0,1.0,84.8725,0.00149,0.6981368758739821,0.1,1e-07
23.0,23.0,1.0,1.0,1.0,1.0,1.0,1.0,1.0,1.0,98.1286,0.00126,0.8071777576704781,0.125,1.25e-07
24.0,24.0,1.0,1.0,1.0,1.0,1.0,1.0,1.0,1.0,112.086,0.00134,0.9219873324010859,0.15,1.5e-07
25.0,25.0,1.0,1.0,1.0,1.0,1.0,1.0,1.0,1.0,119.598,0.00133,0.9837788928189521,0.175,1.75e-07
26.0,26.0,1.0,1.0,1.0,1.0,1.0,1.0,1.0,1.0,121.57,0.00138,1.0,0.2,2e-07
27.0,27.0,1.0,1.0,1.0,1.0,1.0,1.0,1.0,1.0,119.699,0.0013,0.984609689890598,0.225,2.25e-07
28.0,28.0,1.0,1.0,1.0,1.0,1.0,1.0,1.0,1.0,114.954,0.00144,0.9455786789503989,0.25,2.5e-07
29.0,29.0,1.0,1.0,1.0,1.0,1.0,1.0,1.0,1.0,107.834,0.0015,0.8870115982561488,0.275,2.75e-07
30.0,30.0,1.0,1.0,1.0,1.0,1.0,1.0,1.0,1.0,99.8799,0.00144,0.8215834498642758,0.3,3e-07
31.0,31.0,1.0,1.0,1.0,1.0,1.0,1.0,1.0,1.0,91.4572,0.00149,0.7523007320885087,0.325,3.25e-07
32.0,32.0,1.0,1.0,1.0,1.0,1.0,1.0,1.0,1.0,82.5748,0.00155,0.6792366537797154,0.35,3.5e-07
33.0,33.0,1.0,1.0,1.0,1.0,1.0,1.0,1.0,1.0,74.321,0.00169,0.6113432590277207,0.375,3.75e-07
34.0,34.0,1.0,1.0,1.0,1.0,1.0,1.0,1.0,1.0,66.7727,0.00155,0.5492531052068768,0.4,4e-07
35.0,35.0,1.0,1.0,1.0,1.0,1.0,1.0,1.0,1.0,56.4577,0.00142,0.4644048696224398,0.45,4.5e-07
36.0,36.0,1.0,1.0,1.0,1.0,1.0,1.0,1.0,1.0,45.2438,0.00152,0.3721625401003537,0.5,5e-07
37.0,37.0,1.0,1.0,1.0,1.0,1.0,1.0,1.0,1.0,36.5009,0.00171,0.30024594883606154,0.55,5.5e-07
38.0,38.0,1.0,1.0,1.0,1.0,1.0,1.0,1.0,1.0,30.0904,0.0018,0.2475150119272847,0.6,6e-07
39.0,39.0,1.0,1.0,1.0,1.0,1.0,1.0,1.0,1.0,26.4543,0.00281,0.21760549477667188,0.625,6.249999999999999e-07
40.0,40.0,1.0,1.0,1.0,1.0,1.0,1.0,1.0,1.0,24.4821,0.00283,0.2013827424529078,0.65,6.5e-07
41.0,41.0,1.0,1.0,1.0,1.0,1.0,1.0,1.0,1.0,22.1868,0.00227,0.1825022620712347,0.7,7e-07
42.0,42.0,1.0,1.0,1.0,1.0,1.0,1.0,1.0,1.0,19.9101,0.00239,0.16377477996216172,0.75,7.5e-07
43.0,43.0,1.0,1.0,1.0,1.0,1.0,1.0,1.0,1.0,18.3128,0.00262,0.1506358476597845,0.8,8e-07
44.0,44.0,1.0,1.0,1.0,1.0,1.0,1.0,1.0,1.0,17.1436,0.00293,0.14101834334128485,0.85,8.499999999999999e-07
45.0,45.0,1.0,1.0,1.0,1.0,1.0,1.0,1.0,1.0,16.3217,0.00311,0.13425762934934607,0.9,9e-07
46.0,46.0,1.0,1.0,1.0,1.0,1.0,1.0,1.0,1.0,15.933,0.00355,0.13106029448054618,0.925,9.25e-07
47.0,47.0,1.0,1.0,1.0,1.0,1.0,1.0,1.0,1.0,15.593,0.00343,0.12826355186312413,0.95,9.499999999999999e-07
48.0,48.0,1.0,1.0,1.0,1.0,1.0,1.0,1.0,1.0,15.2679,0.00385,0.1255893723780538,0.975,9.75e-07
49.0,49.0,1.0,1.0,1.0,1.0,1.0,1.0,1.0,1.0,15.1018,0.00469,0.12422308135230732,1.0,1e-06
50.0,50.0,1.0,1.0,1.0,1.0,1.0,1.0,1.0,1.0,14.9398,0.00621,0.12289051575224151,1.01,1.0099999999999999e-06
51.0,51.0,1.0,1.0,1.0,1.0,1.0,1.0,1.0,1.0,15.0572,0.00686,0.12385621452661019,1.02,1.02e-06
52.0,52.0,1.0,1.0,1.0,1.0,1.0,1.0,1.0,1.0,14.9073,0.00693,0.12262318006087028,1.03,1.0299999999999999e-06
53.0,53.0,1.0,1.0,1.0,1.0,1.0,1.0,1.0,1.0,14.8407,0.00527,0.12207534753639879,1.04,1.04e-06
54.0,54.0,1.0,1.0,1.0,1.0,1.0,1.0,1.0,1.0,14.8753,0.0062,0.12235995722628938,1.05,1.05e-06
55.0,55.0,1.0,1.0,1.0,1.0,1.0,1.0,1.0,1.0,14.7546,0.00646,0.12136711359710456,1.06,1.06e-06
56.0,56.0,1.0,1.0,1.0,1.0,1.0,1.0,1.0,1.0,14.731,0.00637,0.12117298675660114,1.07,1.07e-06
57.0,57.0,1.0,1.0,1.0,1.0,1.0,1.0,1.0,1.0,14.532,0.00607,0.11953606975405118,1.08,1.08e-06
58.0,58.0,1.0,1.0,1.0,1.0,1.0,1.0,1.0,1.0,14.4704,0.00689,0.11902936579748294,1.09,1.09e-06
59.0,59.0,1.0,1.0,1.0,1.0,1.0,1.0,1.0,1.0,14.3983,0.0064,0.11843629184831786,1.1,1.1e-06
60.0,60.0,1.0,1.0,1.0,1.0,1.0,1.0,1.0,1.0,14.6242,0.00639,0.1202944805461874,1.11,1.11e-06
61.0,61.0,1.0,1.0,1.0,1.0,1.0,1.0,1.0,1.0,14.4562,0.00612,0.11891256066463766,1.12,1.12e-06
62.0,62.0,1.0,1.0,1.0,1.0,1.0,1.0,1.0,1.0,14.425,0.00614,0.1186559184009213,1.13,1.1299999999999998e-06
63.0,63.0,1.0,1.0,1.0,1.0,1.0,1.0,1.0,1.0,14.5843,0.00606,0.11996627457431934,1.14,1.1399999999999999e-06
64.0,64.0,1.0,1.0,1.0,1.0,1.0,1.0,1.0,1.0,14.4844,0.00657,0.11914452578761209,1.15,1.1499999999999998e-06
65.0,65.0,1.0,1.0,1.0,1.0,1.0,1.0,1.0,1.0,14.3009,0.00496,0.11763510734556223,1.175,1.175e-06
66.0,66.0,1.0,1.0,1.0,1.0,1.0,1.0,1.0,1.0,14.2412,0.00432,0.11714403224479723,1.2,1.2e-06
67.0,67.0,1.0,1.0,1.0,1.0,1.0,1.0,1.0,1.0,14.3251,0.00439,0.11783416961421404,1.225,1.2250000000000001e-06
68.0,68.0,1.0,1.0,1.0,1.0,1.0,1.0,1.0,1.0,14.1695,0.00451,0.1165542485810644,1.25,1.2499999999999999e-06
69.0,69.0,1.0,1.0,1.0,1.0,1.0,1.0,1.0,1.0,14.0196,0.00355,0.11532121411532452,1.3,1.3e-06
70.0,70.0,1.0,1.0,1.0,1.0,1.0,1.0,1.0,1.0,13.8398,0.0031,0.11384223081352308,1.35,1.35e-06
71.0,71.0,1.0,1.0,1.0,1.0,1.0,1.0,1.0,1.0,13.7396,0.00359,0.11301801431274164,1.4,1.4e-06
72.0,72.0,1.0,1.0,1.0,1.0,1.0,1.0,1.0,1.0,13.8311,0.00356,0.1137706671053714,1.45,1.4499999999999999e-06
73.0,73.0,1.0,1.0,1.0,1.0,1.0,1.0,1.0,1.0,13.7152,0.00343,0.11281730690137369,1.5,1.5e-06
74.0,74.0,1.0,1.0,1.0,1.0,1.0,1.0,1.0,1.0,13.6193,0.0031,0.11202846096898908,1.59,1.59e-06
75.0,75.0,1.0,1.0,1.0,1.0,1.0,1.0,1.0,1.0,13.5304,0.00318,0.111297195031669,1.68,1.6799999999999998e-06
76.0,76.0,1.0,1.0,1.0,1.0,1.0,1.0,1.0,1.0,13.4414,0.00282,0.11056510652299087,1.77,1.77e-06
77.0,77.0,1.0,1.0,1.0,1.0,1.0,1.0,1.0,1.0,13.321,0.00294,0.10957473060788024,1.86,1.86e-06
78.0,78.0,1.0,1.0,1.0,1.0,1.0,1.0,1.0,1.0,13.4187,0.00342,0.11037838282471005,1.94,1.94e-06
79.0,79.0,1.0,1.0,1.0,1.0,1.0,1.0,1.0,1.0,13.5055,0.00348,0.11109237476351073,2.0,2e-06
80.0,80.0,1.0,1.0,1.0,1.0,1.0,1.0,1.0,1.0,13.4921,0.00289,0.11098215020152999,2.12,2.12e-06
81.0,81.0,1.0,1.0,1.0,1.0,1.0,1.0,1.0,1.0,13.3952,0.00368,0.11018507855556471,2.21,2.21e-06
82.0,82.0,1.0,1.0,1.0,1.0,1.0,1.0,1.0,1.0,13.2854,0.00364,0.10928189520440898,2.3,2.2999999999999996e-06
83.0,83.0,1.0,1.0,1.0,1.0,1.0,1.0,1.0,1.0,13.287,0.00368,0.10929505634613804,2.38,2.3799999999999997e-06
84.0,84.0,1.0,1.0,1.0,1.0,1.0,1.0,1.0,1.0,13.3897,0.00314,0.11013983713087111,2.47,2.47e-06
85.0,85.0,1.0,1.0,1.0,1.0,1.0,1.0,1.0,1.0,13.4307,0.00351,0.11047709138767789,2.57,2.5699999999999995e-06
86.0,86.0,1.0,1.0,1.0,1.0,1.0,1.0,1.0,1.0,13.4502,0.00408,0.11063749280250063,2.67,2.67e-06
87.0,87.0,1.0,1.0,1.0,1.0,1.0,1.0,1.0,1.0,13.4725,0.00331,0.11082092621534918,2.77,2.7699999999999997e-06
88.0,88.0,1.0,1.0,1.0,1.0,1.0,1.0,1.0,1.0,13.3464,0.00298,0.10978366373282883,2.87,2.87e-06
89.0,89.0,1.0,1.0,1.0,1.0,1.0,1.0,1.0,1.0,13.5256,0.00346,0.11125771160648187,2.97,2.97e-06
90.0,90.0,1.0,1.0,1.0,1.0,1.0,1.0,1.0,1.0,13.2947,0.00612,0.10935839434070907,3.0,3e-06
91.0,91.0,1.0,1.0,1.0,1.0,1.0,1.0,1.0,1.0,13.4506,0.00341,0.11064078308793288,3.1,3.1e-06
92.0,92.0,1.0,1.0,1.0,1.0,1.0,1.0,1.0,1.0,13.4721,0.004,0.11081763592991692,3.2,3.2e-06
93.0,93.0,1.0,1.0,1.0,1.0,1.0,1.0,1.0,1.0,13.4187,0.00237,0.11037838282471005,3.5,3.5e-06
94.0,94.0,1.0,1.0,1.0,1.0,1.0,1.0,1.0,1.0,13.3364,0.00291,0.1097014065970223,3.73,3.73e-06
95.0,95.0,1.0,1.0,1.0,1.0,1.0,1.0,1.0,1.0,13.0757,0.00257,0.10755696306654602,4.1,4.1e-06
96.0,96.0,1.0,1.0,1.0,1.0,1.0,1.0,1.0,1.0,12.9871,0.00184,0.10682816484330016,4.7,4.7e-06
97.0,97.0,1.0,1.0,1.0,1.0,1.0,1.0,1.0,1.0,12.9475,0.00269,0.1065024265855063,5.0,4.9999999999999996e-06
98.0,98.0,1.0,1.0,1.0,1.0,1.0,1.0,1.0,1.0,12.9082,0.00212,0.10617915604178664,5.4,5.4e-06
99.0,99.0,1.0,1.0,1.0,1.0,1.0,1.0,1.0,1.0,12.9059,0.00256,0.10616023690055114,6.0,6e-06
100.0,100.0,1.0,1.0,1.0,1.0,1.0,1.0,1.0,1.0,12.8755,0.00359,0.10591017520769928,6.25,6.2499999999999995e-06
101.0,101.0,1.0,1.0,1.0,1.0,1.0,1.0,1.0,1.0,12.8747,0.00314,0.10590359463683476,6.5,6.5e-06
102.0,102.0,1.0,1.0,1.0,1.0,1.0,1.0,1.0,1.0,12.7773,0.00298,0.10510241013407914,6.75,6.75e-06
103.0,103.0,1.0,1.0,1.0,1.0,1.0,1.0,1.0,1.0,12.7561,0.00525,0.1049280250061693,6.875,6.874999999999999e-06
104.0,104.0,1.0,1.0,1.0,1.0,1.0,1.0,1.0,1.0,12.8075,0.00474,0.10535082668421486,7.0,7e-06
105.0,105.0,1.0,1.0,1.0,1.0,1.0,1.0,1.0,1.0,12.9486,0.00454,0.10651147487044503,7.15,7.15e-06
106.0,106.0,1.0,1.0,1.0,1.0,1.0,1.0,1.0,1.0,12.9645,0.00201,0.10664226371637739,8.1,8.099999999999999e-06
107.0,107.0,1.0,1.0,1.0,1.0,1.0,1.0,1.0,1.0,12.8911,0.00207,0.10603849633955746,9.1,9.1e-06
108.0,108.0,1.0,1.0,1.0,1.0,1.0,1.0,1.0,1.0,12.8971,0.0023,0.10608785062104138,10.0,9.999999999999999e-06
109.0,109.0,1.0,1.0,1.0,1.0,1.0,1.0,1.0,1.0,12.8575,0.00199,0.10576211236324752,11.5,1.15e-05
110.0,110.0,1.0,1.0,1.0,1.0,1.0,1.0,1.0,1.0,12.9522,0.00363,0.10654108743933537,11.9,1.19e-05
111.0,111.0,1.0,1.0,1.0,1.0,1.0,1.0,1.0,1.0,12.8184,0.00244,0.10544048696224398,12.9,1.29e-05
112.0,112.0,1.0,1.0,1.0,1.0,1.0,1.0,1.0,1.0,12.876,0.00223,0.10591428806448959,14.4,1.44e-05
113.0,113.0,1.0,1.0,1.0,1.0,1.0,1.0,1.0,1.0,12.8789,0.00176,0.1059381426338735,16.0,1.6e-05
114.0,114.0,1.0,1.0,1.0,1.0,1.0,1.0,1.0,1.0,12.8217,0.00287,0.10546763181706013,17.0,1.7e-05
115.0,115.0,1.0,1.0,1.0,1.0,1.0,1.0,1.0,1.0,12.9249,0.00227,0.10631652545858353,18.5,1.85e-05
116.0,116.0,1.0,1.0,1.0,1.0,1.0,1.0,1.0,1.0,12.8858,0.00289,0.10599490005758,19.4,1.9399999999999997e-05
117.0,117.0,1.0,1.0,1.0,1.0,1.0,1.0,1.0,1.0,12.94,0.00327,0.1064407337336514,20.0,1.9999999999999998e-05
118.0,118.0,1.0,1.0,1.0,1.0,1.0,1.0,1.0,1.0,12.9856,0.00391,0.10681582627292918,20.5,2.05e-05
119.0,119.0,1.0,1.0,1.0,1.0,1.0,1.0,1.0,1.0,12.9983,0.00379,0.10692029283540348,21.2,2.1199999999999997e-05
120.0,120.0,1.0,1.0,1.0,1.0,1.0,1.0,1.0,1.0,12.4061,0.00433,0.1020490252529407,21.75,2.175e-05
121.0,121.0,1.0,1.0,1.0,1.0,1.0,1.0,1.0,1.0,12.4037,0.00311,0.10202928354034714,22.5,2.2499999999999998e-05
122.0,122.0,1.0,1.0,1.0,1.0,1.0,1.0,1.0,1.0,12.6984,0.00207,0.1044534013325656,25.0,2.4999999999999998e-05
123.0,123.0,1.0,1.0,1.0,1.0,1.0,1.0,1.0,1.0,13.5589,0.002,0.11153162786871762,27.5,2.7499999999999998e-05
124.0,124.0,1.0,1.0,1.0,1.0,1.0,1.0,1.0,1.0,13.6084,0.00229,0.11193880069095995,30.0,2.9999999999999997e-05
125.0,125.0,1.0,1.0,1.0,1.0,1.0,1.0,1.0,1.0,13.57,0.00292,0.11162293328946286,31.25,3.125e-05
126.0,126.0,1.0,1.0,1.0,1.0,1.0,1.0,1.0,1.0,13.5069,0.00484,0.11110389076252365,31.75,3.175e-05
127.0,127.0,1.0,1.0,1.0,1.0,1.0,1.0,1.0,1.0,13.5686,0.00327,0.11161141729044995,33.25,3.325e-05
128.0,128.0,1.0,1.0,1.0,1.0,1.0,1.0,1.0,1.0,13.3809,0.0052,0.11006745085136137,33.75,3.375e-05
129.0,129.0,1.0,1.0,1.0,1.0,1.0,1.0,1.0,1.0,13.3247,0.00348,0.10960516574812866,35.0,3.5e-05
130.0,130.0,1.0,1.0,1.0,1.0,1.0,1.0,1.0,1.0,13.5513,0.00429,0.11146911244550466,35.5,3.5499999999999996e-05
131.0,131.0,1.0,1.0,1.0,1.0,1.0,1.0,1.0,1.0,13.4527,0.00509,0.11065805708645225,36.0,3.6e-05
132.0,132.0,1.0,1.0,1.0,1.0,1.0,1.0,1.0,1.0,13.3935,0.00389,0.11017109484247758,37.0,3.7e-05
133.0,133.0,1.0,1.0,1.0,1.0,1.0,1.0,1.0,1.0,13.4503,0.01071,0.1106383153738587,37.13,3.713e-05
134.0,134.0,1.0,1.0,1.0,1.0,1.0,1.0,1.0,1.0,13.5902,0.00958,0.11178909270379206,37.27,3.727e-05
135.0,135.0,1.0,1.0,1.0,1.0,1.0,1.0,1.0,1.0,13.4787,0.00567,0.11087192563954924,37.63,3.7630000000000004e-05
136.0,136.0,1.0,1.0,1.0,1.0,1.0,1.0,1.0,1.0,13.3601,0.00611,0.10989635600888377,38.0,3.7999999999999995e-05
137.0,137.0,1.0,1.0,1.0,1.0,1.0,1.0,1.0,1.0,13.397,0.00337,0.11019988484000988,39.1,3.91e-05
138.0,138.0,1.0,1.0,1.0,1.0,1.0,1.0,1.0,1.0,13.3047,0.00581,0.10944065147651559,39.6,3.96e-05
139.0,139.0,1.0,1.0,1.0,1.0,1.0,1.0,1.0,1.0,13.4899,0.00329,0.11096405363165256,41.0,4.1e-05
140.0,140.0,1.0,1.0,1.0,1.0,1.0,1.0,1.0,1.0,13.4552,0.00321,0.11067862137040388,42.4,4.2399999999999994e-05
141.0,141.0,1.0,1.0,1.0,1.0,1.0,1.0,1.0,1.0,13.4531,0.00348,0.11066134737188452,44.0,4.4e-05
142.0,142.0,1.0,1.0,1.0,1.0,1.0,1.0,1.0,1.0,13.3589,0.00404,0.10988648515258699,45.2,4.52e-05
143.0,143.0,1.0,1.0,1.0,1.0,1.0,1.0,1.0,1.0,13.4421,0.0025,0.11057086452249733,48.3,4.8299999999999995e-05
144.0,144.0,1.0,1.0,1.0,1.0,1.0,1.0,1.0,1.0,13.4223,0.00307,0.1104079953936004,50.6,5.06e-05
145.0,145.0,1.0,1.0,1.0,1.0,1.0,1.0,1.0,1.0,13.455,0.00282,0.11067697622768775,53.4,5.34e-05
146.0,146.0,1.0,1.0,1.0,1.0,1.0,1.0,1.0,1.0,13.4185,0.00229,0.11037673768199392,58.0,5.8e-05
147.0,147.0,1.0,1.0,1.0,1.0,1.0,1.0,1.0,1.0,13.1303,0.00275,0.10800608702804969,61.0,6.1e-05
148.0,148.0,1.0,1.0,1.0,1.0,1.0,1.0,1.0,1.0,13.5891,0.00361,0.11178004441885335,63.0,6.3e-05
149.0,149.0,1.0,1.0,1.0,1.0,1.0,1.0,1.0,1.0,13.4582,0.00294,0.11070329851114584,65.0,6.5e-05
150.0,150.0,1.0,1.0,1.0,1.0,1.0,1.0,1.0,1.0,13.5611,0.00316,0.11154972443859505,67.5,6.75e-05
151.0,151.0,1.0,1.0,1.0,1.0,1.0,1.0,1.0,1.0,13.2307,0.00259,0.10883194867154727,72.0,7.2e-05
152.0,152.0,1.0,1.0,1.0,1.0,1.0,1.0,1.0,1.0,13.618,0.00263,0.11201776754133422,76.0,7.599999999999999e-05
153.0,153.0,1.0,1.0,1.0,1.0,1.0,1.0,1.0,1.0,13.6852,0.00234,0.11257053549395411,80.0,7.999999999999999e-05
154.0,154.0,1.0,1.0,1.0,1.0,1.0,1.0,1.0,1.0,13.663,0.0041,0.11238792465246361,81.7,8.17e-05
155.0,155.0,1.0,1.0,1.0,1.0,1.0,1.0,1.0,1.0,13.6698,0.00183,0.11244385950481205,90.0,8.999999999999999e-05
156.0,156.0,1.0,1.0,1.0,1.0,1.0,1.0,1.0,1.0,13.7001,0.00234,0.11269309862630585,97.0,9.7e-05
157.0,157.0,1.0,1.0,1.0,1.0,1.0,1.0,1.0,1.0,13.65,0.00277,0.11228099037591512,101.2,0.0001012
158.0,158.0,1.0,1.0,1.0,1.0,1.0,1.0,1.0,1.0,13.7209,0.00364,0.11286419346878343,105.0,0.00010499999999999999
159.0,159.0,1.0,1.0,1.0,1.0,1.0,1.0,1.0,1.0,13.5926,0.0041,0.11180883441638562,108.0,0.000108
160.0,160.0,1.0,1.0,1.0,1.0,1.0,1.0,1.0,1.0,13.6472,0.00263,0.11225795837788928,113.0,0.000113
161.0,161.0,1.0,1.0,1.0,1.0,1.0,1.0,1.0,1.0,13.4505,0.00325,0.11063996051657482,116.0,0.000116
162.0,162.0,1.0,1.0,1.0,1.0,1.0,1.0,1.0,1.0,13.7501,0.00529,0.11310438430533849,117.5,0.0001175
163.0,163.0,1.0,1.0,1.0,1.0,1.0,1.0,1.0,1.0,14.079,0.00472,0.11580982150201531,119.0,0.00011899999999999999
164.0,164.0,1.0,1.0,1.0,1.0,1.0,1.0,1.0,1.0,13.3269,0.00424,0.10962326231800609,122.0,0.000122
165.0,165.0,1.0,1.0,1.0,1.0,1.0,1.0,1.0,1.0,13.8283,0.00162,0.11374763510734558,143.0,0.000143
166.0,166.0,1.0,1.0,1.0,1.0,1.0,1.0,1.0,1.0,13.9579,0.00177,0.11481368758739821,170.0,0.00016999999999999999
167.0,167.0,1.0,1.0,1.0,1.0,1.0,1.0,1.0,1.0,13.6722,0.00237,0.11246360121740562,180.0,0.00017999999999999998
168.0,168.0,1.0,1.0,1.0,1.0,1.0,1.0,1.0,1.0,13.9497,0.00259,0.11474623673603686,187.7,0.00018769999999999998
169.0,169.0,1.0,1.0,1.0,1.0,1.0,1.0,1.0,1.0,13.9768,0.00966,0.11496915357407256,188.5,0.0001885
170.0,170.0,1.0,1.0,1.0,1.0,1.0,1.0,1.0,1.0,14.0586,0.00468,0.11564201694496998,191.5,0.0001915
171.0,171.0,1.0,1.0,1.0,1.0,1.0,1.0,1.0,1.0,13.2855,0.00697,0.10928271777576706,193.0,0.000193
172.0,172.0,1.0,1.0,1.0,1.0,1.0,1.0,1.0,1.0,13.8006,0.00302,0.11351978284116147,202.0,0.000202
173.0,173.0,1.0,1.0,1.0,1.0,1.0,1.0,1.0,1.0,13.9962,0.00333,0.11512873241753722,207.4,0.0002074
174.0,174.0,1.0,1.0,1.0,1.0,1.0,1.0,1.0,1.0,13.8572,0.00557,0.11398535822982644,209.5,0.0002095
175.0,175.0,1.0,1.0,1.0,1.0,1.0,1.0,1.0,1.0,14.0863,0.00265,0.11586986921115407,220.0,0.00021999999999999998
176.0,176.0,1.0,1.0,1.0,1.0,1.0,1.0,1.0,1.0,13.9725,0.00182,0.11493378300567575,240.0,0.00023999999999999998
177.0,177.0,1.0,1.0,1.0,1.0,1.0,1.0,1.0,1.0,14.0836,0.00189,0.11584765978448631,285.0,0.000285
178.0,178.0,1.0,1.0,1.0,1.0,1.0,1.0,1.0,1.0,14.0749,0.00237,0.11577609607633463,305.0,0.000305
179.0,179.0,1.0,1.0,1.0,1.0,1.0,1.0,1.0,1.0,14.2047,0.00144,0.11684379369910342,550.0,0.0005499999999999999
180.0,180.0,1.0,1.0,1.0,1.0,1.0,1.0,1.0,1.0,14.3771,0.00164,0.11826190672040801,670.0,0.00067
181.0,181.0,1.0,1.0,1.0,1.0,1.0,1.0,1.0,1.0,14.3069,0.00446,0.11768446162704616,683.0,0.000683
182.0,182.0,1.0,1.0,1.0,1.0,1.0,1.0,1.0,1.0,14.3745,0.00146,0.1182405198650983,950.0,0.00095
183.0,183.0,1.0,1.0,1.0,1.0,1.0,1.0,1.0,1.0,14.4468,0.00164,0.11883523895697952,1150.0,0.00115
184.0,184.0,1.0,1.0,1.0,1.0,1.0,1.0,1.0,1.0,14.4769,0.0016,0.1190828329357572,1500.0,0.0015
185.0,185.0,1.0,1.0,1.0,1.0,1.0,1.0,1.0,1.0,14.4287,0.00357,0.1186863535411697,1550.0,0.00155
186.0,186.0,1.0,1.0,1.0,1.0,1.0,1.0,1.0,1.0,14.5161,0.00167,0.11940528090811879,1800.0,0.0018
187.0,187.0,1.0,1.0,1.0,1.0,1.0,1.0,1.0,1.0,14.5493,0.00163,0.11967837459899647,2200.0,0.0021999999999999997
188.0,188.0,1.0,1.0,1.0,1.0,1.0,1.0,1.0,1.0,14.6452,0.00372,0.1204672205313811,2250.0,0.00225
189.0,189.0,1.0,1.0,1.0,1.0,1.0,1.0,1.0,1.0,14.5916,0.00201,0.1200263222834581,2500.0,0.0025
190.0,190.0,1.0,1.0,1.0,1.0,1.0,1.0,1.0,1.0,14.5996,0.00179,0.12009212799210332,3000.0,0.003
191.0,191.0,1.0,1.0,1.0,1.0,1.0,1.0,1.0,1.0,14.6573,0.00153,0.120566751665707,3740.0,0.00374
192.0,192.0,1.0,1.0,1.0,1.0,1.0,1.0,1.0,1.0,14.6887,0.00313,0.12082503907213953,3900.0,0.0039
193.0,193.0,1.0,1.0,1.0,1.0,1.0,1.0,1.0,1.0,14.6767,0.00147,0.12072633050917168,5700.0,0.005699999999999999
194.0,194.0,1.0,1.0,1.0,1.0,1.0,1.0,1.0,1.0,14.7641,0.00146,0.12144525787612075,8030.0,0.008029999999999999
195.0,195.0,1.0,1.0,1.0,1.0,1.0,1.0,1.0,1.0,14.8115,0.00165,0.12183515669984372,9500.0,0.0095
196.0,196.0,1.0,1.0,1.0,1.0,1.0,1.0,1.0,1.0,14.8595,0.00153,0.12222999095171508,13000.0,0.013
197.0,197.0,1.0,1.0,1.0,1.0,1.0,1.0,1.0,1.0,14.9478,0.00162,0.12295632146088675,17000.0,0.016999999999999998
198.0,198.0,1.0,1.0,1.0,1.0,1.0,1.0,1.0,1.0,14.9985,0.00161,0.12337336513942586,20000.0,0.02
199.0,199.0,1.0,1.0,1.0,1.0,1.0,1.0,1.0,1.0,14.8808,0.00135,0.12240519865098298,30000.0,0.03
200.0,200.0,1.0,1.0,1.0,1.0,1.0,1.0,1.0,1.0,15.3358,0.00133,0.12614789833018017,45000.0,0.045
201.0,201.0,1.0,1.0,1.0,1.0,1.0,1.0,1.0,1.0,14.1652,0.00206,0.11651887801266761,50000.0,0.049999999999999996
202.0,202.0,1.0,1.0,1.0,1.0,1.0,1.0,1.0,1.0,14.5822,0.0031,0.11994900057579996,52000.0,0.052
203.0,203.0,1.0,1.0,1.0,1.0,1.0,1.0,1.0,1.0,15.4997,0.00193,0.1274960927860492,60000.0,0.06
204.0,204.0,1.0,1.0,1.0,1.0,1.0,1.0,1.0,1.0,15.7549,0.00166,0.12959529489183186,73000.0,0.073
205.0,205.0,1.0,1.0,1.0,1.0,1.0,1.0,1.0,1.0,15.9438,0.00384,0.13114913218721724,75000.0,0.075
206.0,206.0,1.0,1.0,1.0,1.0,1.0,1.0,1.0,1.0,16.1437,0.00206,0.1327934523319898,82000.0,0.08199999999999999
207.0,207.0,1.0,1.0,1.0,1.0,1.0,1.0,1.0,1.0,16.0138,0.00313,0.13172493213786296,85000.0,0.08499999999999999
208.0,208.0,1.0,1.0,1.0,1.0,1.0,1.0,1.0,1.0,14.6847,0.0017,0.1207921362178169,100000.0,0.09999999999999999
209.0,209.0,1.0,1.0,1.0,1.0,1.0,1.0,1.0,1.0,15.0205,0.00161,0.12355433083820022,128300.0,0.1283
210.0,210.0,1.0,1.0,1.0,1.0,1.0,1.0,1.0,1.0,15.8025,0.00179,0.12998683885827098,149000.0,0.149
211.0,211.0,1.0,1.0,1.0,1.0,1.0,1.0,1.0,1.0,15.7396,0.00149,0.12946944147404787,200000.0,0.19999999999999998
212.0,212.0,1.0,1.0,1.0,1.0,1.0,1.0,1.0,1.0,14.8243,0.00159,0.12194044583367607,270000.0,0.26999999999999996
213.0,213.0,1.0,1.0,1.0,1.0,1.0,1.0,1.0,1.0,15.2398,0.00178,0.12535822982643746,330000.0,0.32999999999999996
214.0,214.0,1.0,1.0,1.0,1.0,1.0,1.0,1.0,1.0,16.4213,0.00179,0.1350769104219791,400000.0,0.39999999999999997
215.0,215.0,1.0,1.0,1.0,1.0,1.0,1.0,1.0,1.0,17.0038,0.00275,0.13986838858270953,420000.0,0.42
216.0,216.0,1.0,1.0,1.0,1.0,1.0,1.0,1.0,1.0,17.1245,0.00295,0.1408612322118944,440000.0,0.44
217.0,217.0,1.0,1.0,1.0,1.0,1.0,1.0,1.0,1.0,18.0115,0.00243,0.14815744015793372,470000.0,0.47
218.0,218.0,1.0,1.0,1.0,1.0,1.0,1.0,1.0,1.0,18.5882,0.00331,0.15290120917989636,492000.0,0.492
219.0,219.0,1.0,1.0,1.0,1.0,1.0,1.0,1.0,1.0,18.5807,0.00179,0.15283951632804146,550000.0,0.5499999999999999
220.0,220.0,1.0,1.0,1.0,1.0,1.0,1.0,1.0,1.0,19.0771,0.00322,0.15692276054947768,573000.0,0.573
221.0,221.0,1.0,1.0,1.0,1.0,1.0,1.0,1.0,1.0,19.0111,0.00292,0.15637986345315455,600000.0,0.6
222.0,222.0,1.0,1.0,1.0,1.0,1.0,1.0,1.0,1.0,19.3076,0.00186,0.15881878752981823,670000.0,0.6699999999999999
223.0,223.0,1.0,1.0,1.0,1.0,1.0,1.0,1.0,1.0,19.6796,0.00528,0.1618787529818212,679000.0,0.6789999999999999
224.0,224.0,1.0,1.0,1.0,1.0,1.0,1.0,1.0,1.0,19.8588,0.00234,0.1633528008554742,750000.0,0.75
225.0,225.0,1.0,1.0,1.0,1.0,1.0,1.0,1.0,1.0,19.8513,0.00242,0.16329110800361932,820000.0,0.82
226.0,226.0,1.0,1.0,1.0,1.0,1.0,1.0,1.0,1.0,19.708,0.00316,0.16211236324751171,861100.0,0.8611
227.0,227.0,1.0,1.0,1.0,1.0,1.0,1.0,1.0,1.0,19.5797,0.00476,0.16105700419511393,875000.0,0.875
228.0,228.0,1.0,1.0,1.0,1.0,1.0,1.0,1.0,1.0,19.702,0.004,0.16206300896602782,900000.0,0.8999999999999999
229.0,229.0,1.0,1.0,1.0,1.0,1.0,1.0,1.0,1.0,19.4758,0.0047,0.16020235255408408,920000.0,0.9199999999999999
230.0,230.0,1.0,1.0,1.0,1.0,1.0,1.0,1.0,1.0,19.565,0.00228,0.16093608620547833,1010000.0,1.01
231.0,231.0,1.0,1.0,1.0,1.0,1.0,1.0,1.0,1.0,19.7819,0.00257,0.162720243481122,1100000.0,1.0999999999999999
232.0,232.0,1.0,1.0,1.0,1.0,1.0,1.0,1.0,1.0,19.5438,0.0026,0.1607617010775685,1200000.0,1.2
233.0,233.0,1.0,1.0,1.0,1.0,1.0,1.0,1.0,1.0,19.0309,0.00349,0.15654273258205148,1250000.0,1.25
234.0,234.0,1.0,1.0,1.0,1.0,1.0,1.0,1.0,1.0,18.9301,0.00349,0.15571358065312166,1317000.0,1.317
235.0,235.0,1.0,1.0,1.0,1.0,1.0,1.0,1.0,1.0,18.8521,0.00429,0.1550719749938307,1356000.0,1.3559999999999999
236.0,236.0,1.0,1.0,1.0,1.0,1.0,1.0,1.0,1.0,19.0419,0.00406,0.15663321543143868,1400000.0,1.4
237.0,237.0,1.0,1.0,1.0,1.0,1.0,1.0,1.0,1.0,19.1828,0.00282,0.1577922184749527,1500000.0,1.5
238.0,238.0,1.0,1.0,1.0,1.0,1.0,1.0,1.0,1.0,17.818,0.00236,0.14656576458007733,1850000.0,1.8499999999999999
239.0,239.0,1.0,1.0,1.0,1.0,1.0,1.0,1.0,1.0,15.0673,0.00236,0.12393929423377478,2354000.0,2.354
240.0,240.0,1.0,1.0,1.0,1.0,1.0,1.0,1.0,1.0,13.0364,0.00457,0.10723369252282637,2479000.0,2.479
241.0,241.0,1.0,1.0,1.0,1.0,1.0,1.0,1.0,1.0,9.75898,0.00322,0.0802745743193222,3000000.0,3.0
242.0,242.0,1.0,1.0,1.0,1.0,1.0,1.0,1.0,1.0,6.09387,0.00346,0.05012642921773464,4304000.0,4.303999999999999
243.0,243.0,1.0,1.0,1.0,1.0,1.0,1.0,1.0,1.0,4.70837,0.00689,0.03872970305173974,4800000.0,4.8
244.0,244.0,1.0,1.0,1.0,1.0,1.0,1.0,1.0,1.0,2.90256,0.00683,0.023875627210660524,6434000.0,6.433999999999999
245.0,245.0,1.0,1.0,1.0,1.0,1.0,1.0,1.0,1.0,1.13041,0.01255,0.009298428888706096,8187000.0,8.187
246.0,246.0,1.0,1.0,1.0,1.0,1.0,1.0,1.0,1.0,0.314468,0.02473,0.0025867236982808264,10000000.0,10.0
247.0,247.0,1.0,1.0,1.0,1.0,1.0,1.0,1.0,1.0,0.0742144,0.04202,0.0006104663979600231,12840000.0,12.84
248.0,248.0,1.0,1.0,1.0,1.0,1.0,1.0,1.0,1.0,0.0139022,0.15678,0.00011435551534095583,13840000.0,13.84
249.0,249.0,1.0,1.0,1.0,1.0,1.0,1.0,1.0,1.0,0.00784304,0.28451,6.451460064160567e-05,14550000.0,14.549999999999999
250.0,250.0,1.0,1.0,1.0,1.0,1.0,1.0,1.0,1.0,0.00361563,0.29786,2.9741136793616848e-05,15680000.0,15.68
251.0,251.0,1.0,1.0,1.0,1.0,1.0,1.0,1.0,1.0,0.0022206,0.36067,1.8266019577198323e-05,17330000.0,17.33
252.0,252.0,1.0,1.0,1.0,1.0,1.0,1.0,1.0,1.0,0.000308384,1.0,2.536678456856132e-06,20000000.0,20.0
