Upper Energy (eV),Group No,Upper Energy (MeV),,LethargyW,Total_Flux,Flux,Upper Energy (MeV),,,,,,,,,,Upper Energy (MeV),Flux
20000000,1,20,0,0.14329317,2.39E-24,1.67E-23,20,,,,,,,,,,1.00E-10,6.96E-07
17330000,2,17.33,0.14329317,0.100053089,1.96E-08,1.96E-07,17.33,,,,,,,,,,5.00E-10,2.76E-05
15680000,3,15.68,0.243346259,0.074795021,9.10E-08,1.22E-06,15.68,,,,,,,,,,7.50E-10,1.34E-04
14550000,4,14.55,0.31814128,0.050028043,1.08E-07,2.17E-06,14.55,,,,,,,,,,1.00E-09,2.45E-04
13840000,5,13.84,0.368169323,0.074997652,2.77E-07,3.69E-06,13.84,,,,,,,,,,1.20E-09,3.75E-04
12840000,6,12.84,0.443166975,0.249980205,4.46E-06,1.78E-05,12.84,,,,,,,,,,1.50E-09,5.51E-04
10000000,7,10,0.693147181,0.200037563,1.57E-05,7.83E-05,10,,,,,,,,,,2.00E-09,8.59E-04
8187000,8,8.187,0.893184743,0.240951102,6.53E-05,2.71E-04,8.187,,,,,,,,,,2.50E-09,1.27E-03
6434000,9,6.434,1.134135845,0.292980511,9.74E-05,3.32E-04,6.434,,,,,,,,,,3.00E-09,1.79E-03
4800000,10,4.8,1.427116356,0.109071095,5.54E-05,5.08E-04,4.8,,,,,,,,,,4.00E-09,2.65E-03
4304000,11,4.304,1.536187451,0.360932534,0.0002613,7.24E-04,4.304,,,,,,,,,,5.00E-09,3.98E-03
3000000,12,3,1.897119985,0.190757036,0.000195146,1.02E-03,3,,,,,,,,,,7.50E-09,6.46E-03
2479000,13,2.479,2.087877021,0.051739244,5.83E-05,1.13E-03,2.479,,,,,,,,,,1.00E-08,1.08E-02
2354000,14,2.354,2.139616265,0.24093037,0.000330147,1.37E-03,2.354,,,,,,,,,,2.53E-08,2.78E-02
1850000,15,1.85,2.380546634,0.209720531,0.000255393,1.22E-03,1.85,,,,,,,,,,3.00E-08,5.55E-02
1500000,16,1.5,2.590267165,0.068992871,6.90E-05,9.99E-04,1.5,,,,,,,,,,4.00E-08,7.37E-02
1400000,17,1.4,2.659260037,0.031933047,2.89E-05,9.04E-04,1.4,,,,,,,,,,5.00E-08,9.88E-02
1356000,18,1.356,2.691193084,0.029182767,2.22E-05,7.59E-04,1.356,,,,,,,,,,6.00E-08,1.21E-01
1317000,19,1.317,2.720375851,0.052212871,2.88E-05,5.51E-04,1.317,,,,,,,,,,7.00E-08,1.41E-01
1250000,20,1.25,2.772588722,0.040821995,1.86E-05,4.57E-04,1.25,,,,,,,,,,8.00E-08,1.57E-01
1200000,21,1.2,2.813410717,0.087011377,3.83E-05,4.40E-04,1.2,,,,,,,,,,9.00E-08,1.71E-01
1100000,22,1.1,2.900422094,0.085359849,3.74E-05,4.38E-04,1.1,,,,,,,,,,1.00E-07,1.81E-01
1010000,23,1.01,2.985781943,0.09333194,3.89E-05,4.17E-04,1.01,,,,,,,,,,1.25E-07,1.89E-01
920000,24,0.92,3.079113882,0.021978907,8.96E-06,4.08E-04,0.92,,,,,,,,,,1.50E-07,1.92E-01
900000,25,0.9,3.101092789,0.028170877,1.17E-05,4.15E-04,0.9,,,,,,,,,,1.75E-07,1.93E-01
875000,26,0.875,3.129263666,0.016013245,6.59E-06,4.12E-04,0.875,,,,,,,,,,2.00E-07,1.89E-01
861100,27,0.8611,3.145276911,0.048906301,2.03E-05,4.14E-04,0.8611,,,,,,,,,,2.25E-07,1.78E-01
820000,28,0.82,3.194183212,0.089231134,3.74E-05,4.20E-04,0.82,,,,,,,,,,2.50E-07,1.64E-01
750000,29,0.75,3.283414346,0.099452079,4.18E-05,4.20E-04,0.75,,,,,,,,,,2.75E-07,1.47E-01
679000,30,0.679,3.382866425,0.013343415,5.50E-06,4.13E-04,0.679,,,,,,,,,,3.00E-07,1.30E-01
670000,31,0.67,3.39620984,0.110348057,4.24E-05,3.84E-04,0.67,,,,,,,,,,3.25E-07,1.15E-01
600000,32,0.6,3.506557897,0.046043939,1.75E-05,3.79E-04,0.6,,,,,,,,,,3.50E-07,1.01E-01
573000,33,0.573,3.552601836,0.040967438,1.59E-05,3.89E-04,0.573,,,,,,,,,,3.75E-07,8.79E-02
550000,34,0.55,3.593569274,0.111439562,4.05E-05,3.63E-04,0.55,,,,,,,,,,4.00E-07,7.66E-02
492000,35,0.492,3.705008836,0.045746022,1.72E-05,3.76E-04,0.492,,,,,,,,,,4.50E-07,6.30E-02
470000,36,0.47,3.750754858,0.065957968,2.24E-05,3.40E-04,0.47,,,,,,,,,,5.00E-07,4.87E-02
440000,37,0.44,3.816712826,0.046520016,1.34E-05,2.89E-04,0.44,,,,,,,,,,5.50E-07,3.82E-02
420000,38,0.42,3.863232841,0.048790164,1.47E-05,3.01E-04,0.42,,,,,,,,,,6.00E-07,3.06E-02
400000,39,0.4,3.912023005,0.192371893,5.52E-05,2.87E-04,0.4,,,,,,,,,,6.25E-07,2.63E-02
330000,40,0.33,4.104394898,0.200670695,4.93E-05,2.46E-04,0.33,,,,,,,,,,6.50E-07,2.40E-02
270000,41,0.27,4.305065594,0.300104592,8.79E-05,2.93E-04,0.27,,,,,,,,,,7.00E-07,2.15E-02
200000,42,0.2,4.605170186,0.294371061,0.000109111,3.71E-04,0.2,,,,,,,,,,7.50E-07,1.91E-02
149000,43,0.149,4.899541247,0.149575034,5.44E-05,3.64E-04,0.149,,,,,,,,,,8.00E-07,1.76E-02
128300,44,0.1283,5.049116281,0.249201086,6.87E-05,2.76E-04,0.1283,,,,,,,,,,8.50E-07,1.69E-02
100000,45,0.1,5.298317367,0.162518929,5.11E-05,3.15E-04,0.1,,,,,,,,,,9.00E-07,1.65E-02
85000,46,0.085,5.460836296,0.035932009,1.69E-05,4.71E-04,0.085,,,,,,,,,,9.25E-07,1.65E-02
82000,47,0.082,5.496768305,0.089231134,3.96E-05,4.44E-04,0.082,,,,,,,,,,9.50E-07,1.66E-02
75000,48,0.075,5.585999439,0.027028672,1.08E-05,4.00E-04,0.075,,,,,,,,,,9.75E-07,1.67E-02
73000,49,0.073,5.613028111,0.196114879,7.43E-05,3.79E-04,0.073,,,,,,,,,,1.00E-06,1.69E-02
60000,50,0.06,5.80914299,0.143100844,5.01E-05,3.50E-04,0.06,,,,,,,,,,1.01E-06,1.71E-02
52000,51,0.052,5.952243834,0.039220713,9.96E-06,2.54E-04,0.052,,,,,,,,,,1.02E-06,1.72E-02
50000,52,0.05,5.991464547,0.105360516,2.48E-05,2.35E-04,0.05,,,,,,,,,,1.03E-06,1.74E-02
45000,53,0.045,6.096825063,0.405465108,0.00015499,3.82E-04,0.045,,,,,,,,,,1.04E-06,1.75E-02
30000,54,0.03,6.502290171,0.405465108,0.000166223,4.10E-04,0.03,,,,,,,,,,1.05E-06,1.77E-02
20000,55,0.02,6.907755279,0.162518929,6.35E-05,3.91E-04,0.02,,,,,,,,,,1.06E-06,1.79E-02
17000,56,0.017,7.070274208,0.268263987,0.000116055,4.33E-04,0.017,,,,,,,,,,1.07E-06,1.80E-02
13000,57,0.013,7.338538195,0.313657559,0.000148193,4.72E-04,0.013,,,,,,,,,,1.08E-06,1.82E-02
9500,58,0.0095,7.652195754,0.168107271,8.58E-05,5.10E-04,0.0095,,,,,,,,,,1.09E-06,1.85E-02
8030,59,0.00803,7.820303025,0.342718353,0.000190655,5.56E-04,0.00803,,,,,,,,,,1.10E-06,1.87E-02
5700,60,0.0057,8.163021378,0.379489622,0.000240093,6.33E-04,0.0057,,,,,,,,,,1.11E-06,1.89E-02
3900,61,0.0039,8.542510999,0.041890942,2.96E-05,7.08E-04,0.0039,,,,,,,,,,1.12E-06,1.91E-02
3740,62,0.00374,8.584401941,0.220473323,0.000164843,7.48E-04,0.00374,,,,,,,,,,1.13E-06,1.94E-02
3000,63,0.003,8.804875264,0.182321557,0.000147213,8.07E-04,0.003,,,,,,,,,,1.14E-06,1.97E-02
2500,64,0.0025,8.987196821,0.105360516,8.93E-05,8.48E-04,0.0025,,,,,,,,,,1.15E-06,2.00E-02
2250,65,0.00225,9.092557336,0.022472856,1.91E-05,8.50E-04,0.00225,,,,,,,,,,1.18E-06,2.05E-02
2200,66,0.0022,9.115030192,0.200670695,0.000188297,9.38E-04,0.0022,,,,,,,,,,1.20E-06,2.13E-02
1800,67,0.0018,9.315700888,0.149531734,0.000145552,9.73E-04,0.0018,,,,,,,,,,1.23E-06,2.23E-02
1550,68,0.00155,9.465232622,0.032789823,3.48E-05,1.06E-03,0.00155,,,,,,,,,,1.25E-06,2.33E-02
1500,69,0.0015,9.498022444,0.265703166,0.000298992,1.13E-03,0.0015,,,,,,,,,,1.30E-06,2.51E-02
1150,70,0.00115,9.76372561,0.191055237,0.00022367,1.17E-03,0.00115,,,,,,,,,,1.35E-06,2.78E-02
950,71,0.00095,9.954780847,0.329967125,0.000506639,1.54E-03,0.00095,,,,,,,,,,1.40E-06,3.09E-02
683,72,0.000683,10.28474797,0.019217147,3.31E-05,1.72E-03,0.000683,,,,,,,,,,1.45E-06,3.42E-02
670,73,0.00067,10.30396512,0.197359434,0.000306857,1.55E-03,0.00067,,,,,,,,,,1.50E-06,3.75E-02
550,74,0.00055,10.50132455,0.589606502,0.00105555,1.79E-03,0.00055,,,,,,,,,,1.59E-06,4.26E-02
305,75,0.000305,11.09093105,0.067822596,0.000203138,3.00E-03,0.000305,,,,,,,,,,1.68E-06,5.45E-02
285,76,0.000285,11.15875365,0.171850257,0.000392872,2.29E-03,0.000285,,,,,,,,,,1.77E-06,7.52E-02
240,77,0.00024,11.33060391,0.087011377,0.000203449,2.34E-03,0.00024,,,,,,,,,,1.86E-06,7.74E-02
220,78,0.00022,11.41761529,0.048903807,0.000176874,3.62E-03,0.00022,,,,,,,,,,1.94E-06,5.61E-02
209.5,79,0.0002095,11.46651909,0.010074444,5.36E-05,5.32E-03,0.0002095,,,,,,,,,,2.00E-06,4.03E-02
207.4,80,0.0002074,11.47659354,0.026381598,8.14E-05,3.09E-03,0.0002074,,,,,,,,,,2.12E-06,3.07E-02
202,81,0.000202,11.50297513,0.045577508,0.000116473,2.56E-03,0.000202,,,,,,,,,,2.21E-06,3.25E-02
193,82,0.000193,11.54855264,0.00780238,2.21E-05,2.84E-03,0.000193,,,,,,,,,,2.30E-06,5.10E-02
191.5,83,0.0001915,11.55635502,0.015789802,8.07E-05,5.11E-03,0.0001915,,,,,,,,,,2.38E-06,4.06E-02
188.5,84,0.0001885,11.57214482,0.004253063,1.49E-05,3.51E-03,0.0001885,,,,,,,,,,2.47E-06,1.32E-02
187.7,85,0.0001877,11.57639789,0.041888093,4.80E-05,1.15E-03,0.0001877,,,,,,,,,,2.57E-06,6.30E-03
180,86,0.00018,11.61828598,0.057158414,9.59E-05,1.68E-03,0.00018,,,,,,,,,,2.67E-06,5.33E-03
170,87,0.00017,11.67544439,0.172953807,0.000471182,2.72E-03,0.00017,,,,,,,,,,2.77E-06,5.21E-03
143,88,0.000143,11.8483982,0.158823586,0.000425608,2.68E-03,0.000143,,,,,,,,,,2.87E-06,5.37E-03
122,89,0.000122,12.00722179,0.024897552,6.43E-05,2.58E-03,0.000122,,,,,,,,,,2.97E-06,5.85E-03
119,90,0.000119,12.03211934,0.01268516,0.000102857,8.11E-03,0.000119,,,,,,,,,,3.00E-06,6.66E-03
117.5,91,0.0001175,12.0448045,0.012848142,2.02E-05,1.57E-03,0.0001175,,,,,,,,,,3.10E-06,6.93E-03
116,92,0.000116,12.05765264,0.026202372,0.000119766,4.57E-03,0.000116,,,,,,,,,,3.20E-06,7.51E-03
113,93,0.000113,12.08385501,0.045256592,0.000249649,5.52E-03,0.000113,,,,,,,,,,3.50E-06,1.05E-02
108,94,0.000108,12.1291116,0.028170877,0.000180893,6.42E-03,0.000108,,,,,,,,,,3.73E-06,1.75E-02
105,95,0.000105,12.15728248,0.036861593,5.46E-05,1.48E-03,0.000105,,,,,,,,,,4.10E-06,7.91E-03
101.2,96,0.0001012,12.19414407,0.042387778,0.00025015,5.90E-03,0.0001012,,,,,,,,,,4.70E-06,9.22E-03
97,97,9.70E-05,12.23653185,0.074901308,0.000348598,4.65E-03,9.70E-05,,,,,,,,,,5.00E-06,1.20E-02
90,98,9.00E-05,12.31143316,0.096755668,0.000270572,2.80E-03,9.00E-05,,,,,,,,,,5.40E-06,7.94E-03
81.7,99,8.17E-05,12.40818883,0.021027367,6.75E-05,3.21E-03,8.17E-05,,,,,,,,,,6.00E-06,8.76E-03
80,100,8.00E-05,12.4292162,0.051293294,0.000203474,3.97E-03,8.00E-05,,,,,,,,,,6.25E-06,1.08E-02
76,101,7.60E-05,12.48050949,0.054067221,0.000394507,7.30E-03,7.60E-05,,,,,,,,,,6.50E-06,1.23E-02
72,102,7.20E-05,12.53457671,0.064538521,0.000174624,2.71E-03,7.20E-05,,,,,,,,,,6.75E-06,2.83E-02
67.5,103,6.75E-05,12.59911523,0.037740328,9.72E-05,2.58E-03,6.75E-05,,,,,,,,,,6.88E-06,5.66E-02
65,104,6.50E-05,12.63685556,0.031252544,0.000137486,4.40E-03,6.50E-05,,,,,,,,,,7.00E-06,3.67E-02
63,105,6.30E-05,12.66810811,0.032260862,0.000167223,5.18E-03,6.30E-05,,,,,,,,,,7.15E-06,1.21E-02
61,106,6.10E-05,12.70036897,0.050430854,0.000166249,3.30E-03,6.10E-05,,,,,,,,,,8.10E-06,3.82E-03
58,107,5.80E-05,12.75079982,0.082632265,0.000655962,7.94E-03,5.80E-05,,,,,,,,,,9.10E-06,3.40E-03
53.4,108,5.34E-05,12.83343209,0.05385917,0.000113858,2.11E-03,5.34E-05,,,,,,,,,,1.00E-05,7.31E-03
50.6,109,5.06E-05,12.88729126,0.046520016,0.000215765,4.64E-03,5.06E-05,,,,,,,,,,1.15E-05,2.01E-02
48.3,110,4.83E-05,12.93381127,0.066334474,0.000151932,2.29E-03,4.83E-05,,,,,,,,,,1.19E-05,5.89E-03
45.2,111,4.52E-05,13.00014574,0.026907453,4.18E-05,1.55E-03,4.52E-05,,,,,,,,,,1.29E-05,1.55E-02
44,112,4.40E-05,13.0270532,0.037041272,0.00012791,3.45E-03,4.40E-05,,,,,,,,,,1.44E-05,8.92E-03
42.4,113,4.24E-05,13.06409447,0.033576296,8.35E-05,2.49E-03,4.24E-05,,,,,,,,,,1.60E-05,7.80E-03
41,114,4.10E-05,13.09767076,0.034742948,0.000170692,4.91E-03,4.10E-05,,,,,,,,,,1.70E-05,1.37E-02
39.6,115,3.96E-05,13.13241371,0.012706651,5.94E-05,4.68E-03,3.96E-05,,,,,,,,,,1.85E-05,4.48E-03
39.1,116,3.91E-05,13.14512036,0.028536307,5.19E-05,1.82E-03,3.91E-05,,,,,,,,,,1.94E-05,1.66E-02
38,117,3.80E-05,13.17365667,0.009784555,3.79E-05,3.87E-03,3.80E-05,,,,,,,,,,2.00E-05,5.11E-03
37.63,118,3.76E-05,13.18344123,0.009612891,5.24E-05,5.45E-03,3.76E-05,,,,,,,,,,2.05E-05,6.57E-03
37.27,119,3.73E-05,13.19305412,0.003763445,1.49E-05,3.95E-03,3.73E-05,,,,,,,,,,2.12E-05,9.24E-03
37.13,120,3.71E-05,13.19681756,0.003507356,1.27E-05,3.61E-03,3.71E-05,,,,,,,,,,2.18E-05,5.53E-03
37,121,3.70E-05,13.20032492,0.027398974,0.000170497,6.22E-03,3.70E-05,,,,,,,,,,2.25E-05,2.16E-02
36,122,3.60E-05,13.22772389,0.013986242,7.21E-05,5.16E-03,3.60E-05,,,,,,,,,,2.50E-05,7.97E-03
35.5,123,3.55E-05,13.24171014,0.014184635,8.96E-05,6.32E-03,3.55E-05,,,,,,,,,,2.75E-05,7.03E-03
35,124,3.50E-05,13.25589477,0.036367644,0.000346752,9.53E-03,3.50E-05,,,,,,,,,,3.00E-05,7.29E-03
33.75,125,3.38E-05,13.29226241,0.01492565,0.000112446,7.53E-03,3.38E-05,,,,,,,,,,3.13E-05,5.57E-03
33.25,126,3.33E-05,13.30718806,0.046162042,0.000355025,7.69E-03,3.33E-05,,,,,,,,,,3.18E-05,6.86E-03
31.75,127,3.18E-05,13.35335011,0.015873349,0.000108838,6.86E-03,3.18E-05,,,,,,,,,,3.33E-05,7.69E-03
31.25,128,3.13E-05,13.36922346,0.040821995,0.000227383,5.57E-03,3.13E-05,,,,,,,,,,3.38E-05,7.53E-03
30,129,3.00E-05,13.41004545,0.087011377,0.000634331,7.29E-03,3.00E-05,,,,,,,,,,3.50E-05,9.53E-03
27.5,130,2.75E-05,13.49705683,0.09531018,0.000670229,7.03E-03,2.75E-05,,,,,,,,,,3.55E-05,6.32E-03
25,131,2.50E-05,13.59236701,0.105360516,0.00083925,7.97E-03,2.50E-05,,,,,,,,,,3.60E-05,5.16E-03
22.5,132,2.25E-05,13.69772752,0.033901552,0.000733909,2.16E-02,2.25E-05,,,,,,,,,,3.70E-05,6.22E-03
21.75,133,2.18E-05,13.73162907,0.025612576,0.00014151,5.53E-03,2.18E-05,,,,,,,,,,3.71E-05,3.61E-03
21.2,134,2.12E-05,13.75724165,0.033576296,0.000310195,9.24E-03,2.12E-05,,,,,,,,,,3.73E-05,3.95E-03
20.5,135,2.05E-05,13.79081795,0.024692613,0.000162127,6.57E-03,2.05E-05,,,,,,,,,,3.76E-05,5.45E-03
20,136,2.00E-05,13.81551056,0.030459207,0.000155702,5.11E-03,2.00E-05,,,,,,,,,,3.80E-05,3.87E-03
19.4,137,1.94E-05,13.84596977,0.047502334,0.000789402,1.66E-02,1.94E-05,,,,,,,,,,3.91E-05,1.82E-03
18.5,138,1.85E-05,13.8934721,0.084557388,0.000378426,4.48E-03,1.85E-05,,,,,,,,,,3.96E-05,4.68E-03
17,139,1.70E-05,13.97802949,0.060624622,0.000831156,1.37E-02,1.70E-05,,,,,,,,,,4.10E-05,4.91E-03
16,140,1.60E-05,14.03865411,0.105360516,0.000821652,7.80E-03,1.60E-05,,,,,,,,,,4.24E-05,2.49E-03
14.4,141,1.44E-05,14.14401462,0.110000895,0.00098145,8.92E-03,1.44E-05,,,,,,,,,,4.40E-05,3.45E-03
12.9,142,1.29E-05,14.25401552,0.080688911,0.00124685,1.55E-02,1.29E-05,,,,,,,,,,4.52E-05,1.55E-03
11.9,143,1.19E-05,14.33470443,0.034191365,0.000201538,5.89E-03,1.19E-05,,,,,,,,,,4.83E-05,2.29E-03
11.5,144,1.15E-05,14.3688958,0.139761942,0.00280659,2.01E-02,1.15E-05,,,,,,,,,,5.06E-05,4.64E-03
10,145,1.00E-05,14.50865774,0.094310679,0.000689134,7.31E-03,1.00E-05,,,,,,,,,,5.34E-05,2.11E-03
9.1,146,9.10E-06,14.60296842,0.116410352,0.000395362,3.40E-03,9.10E-06,,,,,,,,,,5.80E-05,7.94E-03
8.1,147,8.10E-06,14.71937877,0.124751705,0.000476369,3.82E-03,8.10E-06,,,,,,,,,,6.10E-05,3.30E-03
7.15,148,7.15E-06,14.84413047,0.021202208,0.000256303,1.21E-02,7.15E-06,,,,,,,,,,6.30E-05,5.18E-03
7,149,7.00E-06,14.86533268,0.018018506,0.00066207,3.67E-02,7.00E-06,,,,,,,,,,6.50E-05,4.40E-03
6.875,150,6.88E-06,14.88335119,0.018349139,0.00103882,5.66E-02,6.88E-06,,,,,,,,,,6.75E-05,2.58E-03
6.75,151,6.75E-06,14.90170033,0.037740328,0.00106661,2.83E-02,6.75E-06,,,,,,,,,,7.20E-05,2.71E-03
6.5,152,6.50E-06,14.93944065,0.039220713,0.000483292,1.23E-02,6.50E-06,,,,,,,,,,7.60E-05,7.30E-03
6.25,153,6.25E-06,14.97866137,0.040821995,0.000439258,1.08E-02,6.25E-06,,,,,,,,,,8.00E-05,3.97E-03
6,154,6.00E-06,15.01948336,0.105360516,0.000922856,8.76E-03,6.00E-06,,,,,,,,,,8.17E-05,3.21E-03
5.4,155,5.40E-06,15.12484388,0.076961041,0.000611129,7.94E-03,5.40E-06,,,,,,,,,,9.00E-05,2.80E-03
5,156,5.00E-06,15.20180492,0.061875404,0.000740527,1.20E-02,5.00E-06,,,,,,,,,,9.70E-05,4.65E-03
4.7,157,4.70E-06,15.26368032,0.136575535,0.00125968,9.22E-03,4.70E-06,,,,,,,,,,0.0001012,5.90E-03
4.1,158,4.10E-06,15.40025586,0.09457874,0.000748521,7.91E-03,4.10E-06,,,,,,,,,,0.000105,1.48E-03
3.73,159,3.73E-06,15.4948346,0.063645265,0.00111326,1.75E-02,3.73E-06,,,,,,,,,,0.000108,6.42E-03
3.5,160,3.50E-06,15.55847986,0.089612159,0.000937301,1.05E-02,3.50E-06,,,,,,,,,,0.000113,5.52E-03
3.2,161,3.20E-06,15.64809202,0.031748698,0.000238428,7.51E-03,3.20E-06,,,,,,,,,,0.000116,4.57E-03
3.1,162,3.10E-06,15.67984072,0.032789823,0.000227361,6.93E-03,3.10E-06,,,,,,,,,,0.0001175,1.57E-03
3,163,3.00E-06,15.71263054,0.010050336,6.69E-05,6.66E-03,3.00E-06,,,,,,,,,,0.000119,8.11E-03
2.97,164,2.97E-06,15.72268088,0.034249923,0.000200275,5.85E-03,2.97E-06,,,,,,,,,,0.000122,2.58E-03
2.87,165,2.87E-06,15.7569308,0.03546471,0.000190336,5.37E-03,2.87E-06,,,,,,,,,,0.000143,2.68E-03
2.77,166,2.77E-06,15.79239551,0.036768848,0.000191628,5.21E-03,2.77E-06,,,,,,,,,,0.00017,2.72E-03
2.67,167,2.67E-06,15.82916436,0.038172574,0.000203344,5.33E-03,2.67E-06,,,,,,,,,,0.00018,1.68E-03
2.57,168,2.57E-06,15.86733693,0.039687748,0.000250137,6.30E-03,2.57E-06,,,,,,,,,,0.0001877,1.15E-03
2.47,169,2.47E-06,15.90702468,0.037117663,0.000491026,1.32E-02,2.47E-06,,,,,,,,,,0.0001885,3.51E-03
2.38,170,2.38E-06,15.94414234,0.034191365,0.00138795,4.06E-02,2.38E-06,,,,,,,,,,0.0001915,5.11E-03
2.3,171,2.30E-06,15.97833371,0.039916607,0.00203601,5.10E-02,2.30E-06,,,,,,,,,,0.000193,2.84E-03
2.21,172,2.21E-06,16.01825032,0.041576427,0.00135295,3.25E-02,2.21E-06,,,,,,,,,,0.000202,2.56E-03
2.12,173,2.12E-06,16.05982674,0.058268908,0.00178889,3.07E-02,2.12E-06,,,,,,,,,,0.0002074,3.09E-03
2,174,2.00E-06,16.11809565,0.030459207,0.00122782,4.03E-02,2.00E-06,,,,,,,,,,0.0002095,5.32E-03
1.94,175,1.94E-06,16.14855486,0.042111485,0.00236111,5.61E-02,1.94E-06,,,,,,,,,,0.00022,3.62E-03
1.86,176,1.86E-06,16.19066634,0.049596941,0.00383928,7.74E-02,1.86E-06,,,,,,,,,,0.00024,2.34E-03
1.77,177,1.77E-06,16.24026328,0.052185753,0.00392653,7.52E-02,1.77E-06,,,,,,,,,,0.000285,2.29E-03
1.68,178,1.68E-06,16.29244904,0.055059777,0.00299803,5.45E-02,1.68E-06,,,,,,,,,,0.000305,3.00E-03
1.59,179,1.59E-06,16.34750882,0.058268908,0.00248097,4.26E-02,1.59E-06,,,,,,,,,,0.00055,1.79E-03
1.5,180,1.50E-06,16.40577772,0.033901552,0.00127135,3.75E-02,1.50E-06,,,,,,,,,,0.00067,1.55E-03
1.45,181,1.45E-06,16.43967928,0.03509132,0.00119938,3.42E-02,1.45E-06,,,,,,,,,,0.000683,1.72E-03
1.4,182,1.40E-06,16.47477059,0.036367644,0.00112381,3.09E-02,1.40E-06,,,,,,,,,,0.00095,1.54E-03
1.35,183,1.35E-06,16.51113824,0.037740328,0.00104943,2.78E-02,1.35E-06,,,,,,,,,,0.00115,1.17E-03
1.3,184,1.30E-06,16.54887857,0.039220713,0.000983623,2.51E-02,1.30E-06,,,,,,,,,,0.0015,1.13E-03
1.25,185,1.25E-06,16.58809928,0.020202707,0.000470974,2.33E-02,1.25E-06,,,,,,,,,,0.00155,1.06E-03
1.225,186,1.23E-06,16.60830199,0.020619287,0.00045932,2.23E-02,1.23E-06,,,,,,,,,,0.0018,9.73E-04
1.2,187,1.20E-06,16.62892127,0.021053409,0.000449268,2.13E-02,1.20E-06,,,,,,,,,,0.0022,9.38E-04
1.175,188,1.18E-06,16.64997468,0.021506205,0.000440806,2.05E-02,1.18E-06,,,,,,,,,,0.00225,8.50E-04
1.15,189,1.15E-06,16.67148089,0.00873368,0.000174327,2.00E-02,1.15E-06,,,,,,,,,,0.0025,8.48E-04
1.14,190,1.14E-06,16.68021457,0.00881063,0.000173342,1.97E-02,1.14E-06,,,,,,,,,,0.003,8.07E-04
1.13,191,1.13E-06,16.6890252,0.008888947,0.000172467,1.94E-02,1.13E-06,,,,,,,,,,0.00374,7.48E-04
1.12,192,1.12E-06,16.69791415,0.00896867,0.000171707,1.91E-02,1.12E-06,,,,,,,,,,0.0039,7.08E-04
1.11,193,1.11E-06,16.70688282,0.009049836,0.000171071,1.89E-02,1.11E-06,,,,,,,,,,0.0057,6.33E-04
1.1,194,1.10E-06,16.71593265,0.009132484,0.000170566,1.87E-02,1.10E-06,,,,,,,,,,0.00803,5.56E-04
1.09,195,1.09E-06,16.72506514,0.009216655,0.000170053,1.85E-02,1.09E-06,,,,,,,,,,0.0095,5.10E-04
1.08,196,1.08E-06,16.73428179,0.009302393,0.000169648,1.82E-02,1.08E-06,,,,,,,,,,0.013,4.72E-04
1.07,197,1.07E-06,16.74358418,0.00938974,0.000169398,1.80E-02,1.07E-06,,,,,,,,,,0.017,4.33E-04
1.06,198,1.06E-06,16.75297392,0.009478744,0.000169272,1.79E-02,1.06E-06,,,,,,,,,,0.02,3.91E-04
1.05,199,1.05E-06,16.76245267,0.009569451,0.000169278,1.77E-02,1.05E-06,,,,,,,,,,0.03,4.10E-04
1.04,200,1.04E-06,16.77202212,0.009661911,0.000169408,1.75E-02,1.04E-06,,,,,,,,,,0.045,3.82E-04
1.03,201,1.03E-06,16.78168403,0.009756175,0.000169556,1.74E-02,1.03E-06,,,,,,,,,,0.05,2.35E-04
1.02,202,1.02E-06,16.7914402,0.009852296,0.000169822,1.72E-02,1.02E-06,,,,,,,,,,0.052,2.54E-04
1.01,203,1.01E-06,16.8012925,0.009950331,0.000170252,1.71E-02,1.01E-06,,,,,,,,,,0.06,3.50E-04
1,204,1.00E-06,16.81124283,0.025317808,0.00042849,1.69E-02,1.00E-06,,,,,,,,,,0.073,3.79E-04
0.975,205,9.75E-07,16.83656064,0.025975486,0.000434032,1.67E-02,9.75E-07,,,,,,,,,,0.075,4.00E-04
0.95,206,9.50E-07,16.86253613,0.026668247,0.000441773,1.66E-02,9.50E-07,,,,,,,,,,0.082,4.44E-04
0.925,207,9.25E-07,16.88920437,0.027398974,0.000451709,1.65E-02,9.25E-07,,,,,,,,,,0.085,4.71E-04
0.9,208,9.00E-07,16.91660335,0.057158414,0.000944713,1.65E-02,9.00E-07,,,,,,,,,,0.1,3.15E-04
0.85,209,8.50E-07,16.97376176,0.060624622,0.00102198,1.69E-02,8.50E-07,,,,,,,,,,0.1283,2.76E-04
0.8,210,8.00E-07,17.03438638,0.064538521,0.00113872,1.76E-02,8.00E-07,,,,,,,,,,0.149,3.64E-04
0.75,211,7.50E-07,17.0989249,0.068992871,0.00131777,1.91E-02,7.50E-07,,,,,,,,,,0.2,3.71E-04
0.7,212,7.00E-07,17.16791778,0.074107972,0.00159141,2.15E-02,7.00E-07,,,,,,,,,,0.27,2.93E-04
0.65,213,6.50E-07,17.24202575,0.039220713,0.000941911,2.40E-02,6.50E-07,,,,,,,,,,0.33,2.46E-04
0.625,214,6.25E-07,17.28124646,0.040821995,0.00107273,2.63E-02,6.25E-07,,,,,,,,,,0.4,2.87E-04
0.6,215,6.00E-07,17.32206846,0.087011377,0.00266102,3.06E-02,6.00E-07,,,,,,,,,,0.42,3.01E-04
0.55,216,5.50E-07,17.40907983,0.09531018,0.00363893,3.82E-02,5.50E-07,,,,,,,,,,0.44,2.89E-04
0.5,217,5.00E-07,17.50439001,0.105360516,0.00512884,4.87E-02,5.00E-07,,,,,,,,,,0.47,3.40E-04
0.45,218,4.50E-07,17.60975053,0.117783036,0.00741771,6.30E-02,4.50E-07,,,,,,,,,,0.492,3.76E-04
0.4,219,4.00E-07,17.72753356,0.064538521,0.00494409,7.66E-02,4.00E-07,,,,,,,,,,0.55,3.63E-04
0.375,220,3.75E-07,17.79207208,0.068992871,0.00606256,8.79E-02,3.75E-07,,,,,,,,,,0.573,3.89E-04
0.35,221,3.50E-07,17.86106496,0.074107972,0.00745863,1.01E-01,3.50E-07,,,,,,,,,,0.6,3.79E-04
0.325,222,3.25E-07,17.93517293,0.080042708,0.00918995,1.15E-01,3.25E-07,,,,,,,,,,0.67,3.84E-04
0.3,223,3.00E-07,18.01521564,0.087011377,0.0113493,1.30E-01,3.00E-07,,,,,,,,,,0.679,4.13E-04
0.275,224,2.75E-07,18.10222701,0.09531018,0.0140129,1.47E-01,2.75E-07,,,,,,,,,,0.75,4.20E-04
0.25,225,2.50E-07,18.19753719,0.105360516,0.017232,1.64E-01,2.50E-07,,,,,,,,,,0.82,4.20E-04
0.225,226,2.25E-07,18.30289771,0.117783036,0.0210054,1.78E-01,2.25E-07,,,,,,,,,,0.8611,4.14E-04
0.2,227,2.00E-07,18.42068074,0.133531393,0.0251945,1.89E-01,2.00E-07,,,,,,,,,,0.875,4.12E-04
0.175,228,1.75E-07,18.55421214,0.15415068,0.0297075,1.93E-01,1.75E-07,,,,,,,,,,0.9,4.15E-04
0.15,229,1.50E-07,18.70836282,0.182321557,0.0350875,1.92E-01,1.50E-07,,,,,,,,,,0.92,4.08E-04
0.125,230,1.25E-07,18.89068437,0.223143551,0.0421423,1.89E-01,1.25E-07,,,,,,,,,,1.01,4.17E-04
0.1,231,1.00E-07,19.11382792,0.105360516,0.0190224,1.81E-01,1.00E-07,,,,,,,,,,1.1,4.38E-04
0.09,232,9.00E-08,19.21918844,0.117783036,0.020121,1.71E-01,9.00E-08,,,,,,,,,,1.2,4.40E-04
0.08,233,8.00E-08,19.33697148,0.133531393,0.0209973,1.57E-01,8.00E-08,,,,,,,,,,1.25,4.57E-04
0.07,234,7.00E-08,19.47050287,0.15415068,0.0216838,1.41E-01,7.00E-08,,,,,,,,,,1.317,5.51E-04
0.06,235,6.00E-08,19.62465355,0.182321557,0.0221041,1.21E-01,6.00E-08,,,,,,,,,,1.356,7.59E-04
0.05,236,5.00E-08,19.80697511,0.223143551,0.022038,9.88E-02,5.00E-08,,,,,,,,,,1.4,9.04E-04
0.04,237,4.00E-08,20.03011866,0.287682072,0.021215,7.37E-02,4.00E-08,,,,,,,,,,1.5,9.99E-04
0.03,238,3.00E-08,20.31780073,0.170392986,0.00946287,5.55E-02,3.00E-08,,,,,,,,,,1.85,1.22E-03
0.0253,239,2.53E-08,20.48819371,0.928219303,0.0258484,2.78E-02,2.53E-08,,,,,,,,,,2.354,1.37E-03
0.01,240,1.00E-08,21.41641302,0.287682072,0.00310516,1.08E-02,1.00E-08,,,,,,,,,,2.479,1.13E-03
0.0075,241,7.50E-09,21.70409509,0.405465108,0.0026203,6.46E-03,7.50E-09,,,,,,,,,,3,1.02E-03
0.005,242,5.00E-09,22.1095602,0.223143551,0.000888767,3.98E-03,5.00E-09,,,,,,,,,,4.304,7.24E-04
0.004,243,4.00E-09,22.33270375,0.287682072,0.000763516,2.65E-03,4.00E-09,,,,,,,,,,4.8,5.08E-04
0.003,244,3.00E-09,22.62038582,0.182321557,0.000326266,1.79E-03,3.00E-09,,,,,,,,,,6.434,3.32E-04
0.0025,245,2.50E-09,22.80270738,0.223143551,0.000284467,1.27E-03,2.50E-09,,,,,,,,,,8.187,2.71E-04
0.002,246,2.00E-09,23.02585093,0.287682072,0.000247217,8.59E-04,2.00E-09,,,,,,,,,,10,7.83E-05
0.0015,247,1.50E-09,23.313533,0.223143551,0.000122899,5.51E-04,1.50E-09,,,,,,,,,,12.84,1.78E-05
0.0012,248,1.20E-09,23.53667655,0.182321557,6.84E-05,3.75E-04,1.20E-09,,,,,,,,,,13.84,3.69E-06
0.001,249,1.00E-09,23.71899811,0.287682072,7.04E-05,2.45E-04,1.00E-09,,,,,,,,,,14.55,2.17E-06
0.00075,250,7.50E-10,24.00668018,0.405465108,5.41E-05,1.34E-04,7.50E-10,,,,,,,,,,15.68,1.22E-06
0.0005,251,5.00E-10,24.41214529,1.609437912,4.45E-05,2.76E-05,5.00E-10,,,,,,,,,,17.33,1.96E-07
0.0001,252,1.00E-10,26.0215832,2.302585093,1.60E-06,6.96E-07,1.00E-10,,,,,,,,,,20,1.67E-23
0.00001,253,1.00E-11,28.3241683,,,,1.00E-11,,,,,,,,,,,
